<?xml version="1.0" encoding="UTF-8"?>
<root>
  <item name="com.polidea.rxandroidble.internal.BleIllegalOperationException BleIllegalOperationException(java.lang.String, java.util.UUID, int, int) 2">
    <annotation name="android.support.annotation.IntDef">
      <val name="flag" val="true" />
      <val name="value" val="{android.bluetooth.BluetoothGattCharacteristic.PROPERTY_READ, android.bluetooth.BluetoothGattCharacteristic.PROPERTY_BROADCAST, android.bluetooth.BluetoothGattCharacteristic.PROPERTY_WRITE, android.bluetooth.BluetoothGattCharacteristic.PROPERTY_WRITE_NO_RESPONSE, android.bluetooth.BluetoothGattCharacteristic.PROPERTY_SIGNED_WRITE, android.bluetooth.BluetoothGattCharacteristic.PROPERTY_INDICATE, android.bluetooth.BluetoothGattCharacteristic.PROPERTY_NOTIFY}" />
    </annotation>
  </item>
  <item name="com.polidea.rxandroidble.internal.BleIllegalOperationException BleIllegalOperationException(java.lang.String, java.util.UUID, int, int) 3">
    <annotation name="android.support.annotation.IntDef">
      <val name="flag" val="true" />
      <val name="value" val="{android.bluetooth.BluetoothGattCharacteristic.PROPERTY_READ, android.bluetooth.BluetoothGattCharacteristic.PROPERTY_BROADCAST, android.bluetooth.BluetoothGattCharacteristic.PROPERTY_WRITE, android.bluetooth.BluetoothGattCharacteristic.PROPERTY_WRITE_NO_RESPONSE, android.bluetooth.BluetoothGattCharacteristic.PROPERTY_SIGNED_WRITE, android.bluetooth.BluetoothGattCharacteristic.PROPERTY_INDICATE, android.bluetooth.BluetoothGattCharacteristic.PROPERTY_NOTIFY}" />
    </annotation>
  </item>
  <item name="com.polidea.rxandroidble.internal.BleIllegalOperationException neededProperties">
    <annotation name="android.support.annotation.IntDef">
      <val name="flag" val="true" />
      <val name="value" val="{android.bluetooth.BluetoothGattCharacteristic.PROPERTY_READ, android.bluetooth.BluetoothGattCharacteristic.PROPERTY_BROADCAST, android.bluetooth.BluetoothGattCharacteristic.PROPERTY_WRITE, android.bluetooth.BluetoothGattCharacteristic.PROPERTY_WRITE_NO_RESPONSE, android.bluetooth.BluetoothGattCharacteristic.PROPERTY_SIGNED_WRITE, android.bluetooth.BluetoothGattCharacteristic.PROPERTY_INDICATE, android.bluetooth.BluetoothGattCharacteristic.PROPERTY_NOTIFY}" />
    </annotation>
  </item>
  <item name="com.polidea.rxandroidble.internal.BleIllegalOperationException supportedProperties">
    <annotation name="android.support.annotation.IntDef">
      <val name="flag" val="true" />
      <val name="value" val="{android.bluetooth.BluetoothGattCharacteristic.PROPERTY_READ, android.bluetooth.BluetoothGattCharacteristic.PROPERTY_BROADCAST, android.bluetooth.BluetoothGattCharacteristic.PROPERTY_WRITE, android.bluetooth.BluetoothGattCharacteristic.PROPERTY_WRITE_NO_RESPONSE, android.bluetooth.BluetoothGattCharacteristic.PROPERTY_SIGNED_WRITE, android.bluetooth.BluetoothGattCharacteristic.PROPERTY_INDICATE, android.bluetooth.BluetoothGattCharacteristic.PROPERTY_NOTIFY}" />
    </annotation>
  </item>
  <item name="com.polidea.rxandroidble.internal.BluetoothGattCharacteristicProperty">
    <annotation name="android.support.annotation.IntDef">
      <val name="flag" val="true" />
      <val name="value" val="{android.bluetooth.BluetoothGattCharacteristic.PROPERTY_READ, android.bluetooth.BluetoothGattCharacteristic.PROPERTY_BROADCAST, android.bluetooth.BluetoothGattCharacteristic.PROPERTY_WRITE, android.bluetooth.BluetoothGattCharacteristic.PROPERTY_WRITE_NO_RESPONSE, android.bluetooth.BluetoothGattCharacteristic.PROPERTY_SIGNED_WRITE, android.bluetooth.BluetoothGattCharacteristic.PROPERTY_INDICATE, android.bluetooth.BluetoothGattCharacteristic.PROPERTY_NOTIFY}" />
    </annotation>
  </item>
  <item name="com.polidea.rxandroidble.internal.RxBleLog void setLogLevel(int) 0">
    <annotation name="android.support.annotation.IntDef">
      <val name="value" val="{com.polidea.rxandroidble.internal.RxBleLog.VERBOSE, com.polidea.rxandroidble.internal.RxBleLog.DEBUG, com.polidea.rxandroidble.internal.RxBleLog.INFO, com.polidea.rxandroidble.internal.RxBleLog.WARN, com.polidea.rxandroidble.internal.RxBleLog.ERROR, com.polidea.rxandroidble.internal.RxBleLog.NONE}" />
    </annotation>
  </item>
  <item name="com.polidea.rxandroidble.internal.RxBleLog.LogLevel">
    <annotation name="android.support.annotation.IntDef">
      <val name="value" val="{com.polidea.rxandroidble.internal.RxBleLog.VERBOSE, com.polidea.rxandroidble.internal.RxBleLog.DEBUG, com.polidea.rxandroidble.internal.RxBleLog.INFO, com.polidea.rxandroidble.internal.RxBleLog.WARN, com.polidea.rxandroidble.internal.RxBleLog.ERROR, com.polidea.rxandroidble.internal.RxBleLog.NONE}" />
    </annotation>
  </item>
</root>

