<?xml version="1.0" encoding="UTF-8"?>
<root>
  <item name="com.polidea.rxandroidble.internal.util.CharacteristicPropertiesParser CharacteristicPropertiesParser(int, int, int, int, int, int, int) 0">
    <annotation name="android.support.annotation.IntDef">
      <val name="flag" val="true" />
      <val name="value" val="{android.bluetooth.BluetoothGattCharacteristic.PROPERTY_READ, android.bluetooth.BluetoothGattCharacteristic.PROPERTY_BROADCAST, android.bluetooth.BluetoothGattCharacteristic.PROPERTY_WRITE, android.bluetooth.BluetoothGattCharacteristic.PROPERTY_WRITE_NO_RESPONSE, android.bluetooth.BluetoothGattCharacteristic.PROPERTY_SIGNED_WRITE, android.bluetooth.BluetoothGattCharacteristic.PROPERTY_INDICATE, android.bluetooth.BluetoothGattCharacteristic.PROPERTY_NOTIFY}" />
    </annotation>
  </item>
  <item name="com.polidea.rxandroidble.internal.util.CharacteristicPropertiesParser CharacteristicPropertiesParser(int, int, int, int, int, int, int) 1">
    <annotation name="android.support.annotation.IntDef">
      <val name="flag" val="true" />
      <val name="value" val="{android.bluetooth.BluetoothGattCharacteristic.PROPERTY_READ, android.bluetooth.BluetoothGattCharacteristic.PROPERTY_BROADCAST, android.bluetooth.BluetoothGattCharacteristic.PROPERTY_WRITE, android.bluetooth.BluetoothGattCharacteristic.PROPERTY_WRITE_NO_RESPONSE, android.bluetooth.BluetoothGattCharacteristic.PROPERTY_SIGNED_WRITE, android.bluetooth.BluetoothGattCharacteristic.PROPERTY_INDICATE, android.bluetooth.BluetoothGattCharacteristic.PROPERTY_NOTIFY}" />
    </annotation>
  </item>
  <item name="com.polidea.rxandroidble.internal.util.CharacteristicPropertiesParser CharacteristicPropertiesParser(int, int, int, int, int, int, int) 2">
    <annotation name="android.support.annotation.IntDef">
      <val name="flag" val="true" />
      <val name="value" val="{android.bluetooth.BluetoothGattCharacteristic.PROPERTY_READ, android.bluetooth.BluetoothGattCharacteristic.PROPERTY_BROADCAST, android.bluetooth.BluetoothGattCharacteristic.PROPERTY_WRITE, android.bluetooth.BluetoothGattCharacteristic.PROPERTY_WRITE_NO_RESPONSE, android.bluetooth.BluetoothGattCharacteristic.PROPERTY_SIGNED_WRITE, android.bluetooth.BluetoothGattCharacteristic.PROPERTY_INDICATE, android.bluetooth.BluetoothGattCharacteristic.PROPERTY_NOTIFY}" />
    </annotation>
  </item>
  <item name="com.polidea.rxandroidble.internal.util.CharacteristicPropertiesParser CharacteristicPropertiesParser(int, int, int, int, int, int, int) 3">
    <annotation name="android.support.annotation.IntDef">
      <val name="flag" val="true" />
      <val name="value" val="{android.bluetooth.BluetoothGattCharacteristic.PROPERTY_READ, android.bluetooth.BluetoothGattCharacteristic.PROPERTY_BROADCAST, android.bluetooth.BluetoothGattCharacteristic.PROPERTY_WRITE, android.bluetooth.BluetoothGattCharacteristic.PROPERTY_WRITE_NO_RESPONSE, android.bluetooth.BluetoothGattCharacteristic.PROPERTY_SIGNED_WRITE, android.bluetooth.BluetoothGattCharacteristic.PROPERTY_INDICATE, android.bluetooth.BluetoothGattCharacteristic.PROPERTY_NOTIFY}" />
    </annotation>
  </item>
  <item name="com.polidea.rxandroidble.internal.util.CharacteristicPropertiesParser CharacteristicPropertiesParser(int, int, int, int, int, int, int) 4">
    <annotation name="android.support.annotation.IntDef">
      <val name="flag" val="true" />
      <val name="value" val="{android.bluetooth.BluetoothGattCharacteristic.PROPERTY_READ, android.bluetooth.BluetoothGattCharacteristic.PROPERTY_BROADCAST, android.bluetooth.BluetoothGattCharacteristic.PROPERTY_WRITE, android.bluetooth.BluetoothGattCharacteristic.PROPERTY_WRITE_NO_RESPONSE, android.bluetooth.BluetoothGattCharacteristic.PROPERTY_SIGNED_WRITE, android.bluetooth.BluetoothGattCharacteristic.PROPERTY_INDICATE, android.bluetooth.BluetoothGattCharacteristic.PROPERTY_NOTIFY}" />
    </annotation>
  </item>
  <item name="com.polidea.rxandroidble.internal.util.CharacteristicPropertiesParser CharacteristicPropertiesParser(int, int, int, int, int, int, int) 5">
    <annotation name="android.support.annotation.IntDef">
      <val name="flag" val="true" />
      <val name="value" val="{android.bluetooth.BluetoothGattCharacteristic.PROPERTY_READ, android.bluetooth.BluetoothGattCharacteristic.PROPERTY_BROADCAST, android.bluetooth.BluetoothGattCharacteristic.PROPERTY_WRITE, android.bluetooth.BluetoothGattCharacteristic.PROPERTY_WRITE_NO_RESPONSE, android.bluetooth.BluetoothGattCharacteristic.PROPERTY_SIGNED_WRITE, android.bluetooth.BluetoothGattCharacteristic.PROPERTY_INDICATE, android.bluetooth.BluetoothGattCharacteristic.PROPERTY_NOTIFY}" />
    </annotation>
  </item>
  <item name="com.polidea.rxandroidble.internal.util.CharacteristicPropertiesParser CharacteristicPropertiesParser(int, int, int, int, int, int, int) 6">
    <annotation name="android.support.annotation.IntDef">
      <val name="flag" val="true" />
      <val name="value" val="{android.bluetooth.BluetoothGattCharacteristic.PROPERTY_READ, android.bluetooth.BluetoothGattCharacteristic.PROPERTY_BROADCAST, android.bluetooth.BluetoothGattCharacteristic.PROPERTY_WRITE, android.bluetooth.BluetoothGattCharacteristic.PROPERTY_WRITE_NO_RESPONSE, android.bluetooth.BluetoothGattCharacteristic.PROPERTY_SIGNED_WRITE, android.bluetooth.BluetoothGattCharacteristic.PROPERTY_INDICATE, android.bluetooth.BluetoothGattCharacteristic.PROPERTY_NOTIFY}" />
    </annotation>
  </item>
  <item name="com.polidea.rxandroidble.internal.util.CharacteristicPropertiesParser boolean propertiesIntContains(int, int) 0">
    <annotation name="android.support.annotation.IntDef">
      <val name="flag" val="true" />
      <val name="value" val="{android.bluetooth.BluetoothGattCharacteristic.PROPERTY_READ, android.bluetooth.BluetoothGattCharacteristic.PROPERTY_BROADCAST, android.bluetooth.BluetoothGattCharacteristic.PROPERTY_WRITE, android.bluetooth.BluetoothGattCharacteristic.PROPERTY_WRITE_NO_RESPONSE, android.bluetooth.BluetoothGattCharacteristic.PROPERTY_SIGNED_WRITE, android.bluetooth.BluetoothGattCharacteristic.PROPERTY_INDICATE, android.bluetooth.BluetoothGattCharacteristic.PROPERTY_NOTIFY}" />
    </annotation>
  </item>
  <item name="com.polidea.rxandroidble.internal.util.CharacteristicPropertiesParser boolean propertiesIntContains(int, int) 1">
    <annotation name="android.support.annotation.IntDef">
      <val name="flag" val="true" />
      <val name="value" val="{android.bluetooth.BluetoothGattCharacteristic.PROPERTY_READ, android.bluetooth.BluetoothGattCharacteristic.PROPERTY_BROADCAST, android.bluetooth.BluetoothGattCharacteristic.PROPERTY_WRITE, android.bluetooth.BluetoothGattCharacteristic.PROPERTY_WRITE_NO_RESPONSE, android.bluetooth.BluetoothGattCharacteristic.PROPERTY_SIGNED_WRITE, android.bluetooth.BluetoothGattCharacteristic.PROPERTY_INDICATE, android.bluetooth.BluetoothGattCharacteristic.PROPERTY_NOTIFY}" />
    </annotation>
  </item>
  <item name="com.polidea.rxandroidble.internal.util.CharacteristicPropertiesParser java.lang.String propertiesIntToString(int) 0">
    <annotation name="android.support.annotation.IntDef">
      <val name="flag" val="true" />
      <val name="value" val="{android.bluetooth.BluetoothGattCharacteristic.PROPERTY_READ, android.bluetooth.BluetoothGattCharacteristic.PROPERTY_BROADCAST, android.bluetooth.BluetoothGattCharacteristic.PROPERTY_WRITE, android.bluetooth.BluetoothGattCharacteristic.PROPERTY_WRITE_NO_RESPONSE, android.bluetooth.BluetoothGattCharacteristic.PROPERTY_SIGNED_WRITE, android.bluetooth.BluetoothGattCharacteristic.PROPERTY_INDICATE, android.bluetooth.BluetoothGattCharacteristic.PROPERTY_NOTIFY}" />
    </annotation>
  </item>
  <item name="com.polidea.rxandroidble.internal.util.CharacteristicPropertiesParser java.lang.String propertyToString(int) 0">
    <annotation name="android.support.annotation.IntDef">
      <val name="flag" val="true" />
      <val name="value" val="{android.bluetooth.BluetoothGattCharacteristic.PROPERTY_READ, android.bluetooth.BluetoothGattCharacteristic.PROPERTY_BROADCAST, android.bluetooth.BluetoothGattCharacteristic.PROPERTY_WRITE, android.bluetooth.BluetoothGattCharacteristic.PROPERTY_WRITE_NO_RESPONSE, android.bluetooth.BluetoothGattCharacteristic.PROPERTY_SIGNED_WRITE, android.bluetooth.BluetoothGattCharacteristic.PROPERTY_INDICATE, android.bluetooth.BluetoothGattCharacteristic.PROPERTY_NOTIFY}" />
    </annotation>
  </item>
  <item name="com.polidea.rxandroidble.internal.util.CharacteristicPropertiesParser propertyBroadcast">
    <annotation name="android.support.annotation.IntDef">
      <val name="flag" val="true" />
      <val name="value" val="{android.bluetooth.BluetoothGattCharacteristic.PROPERTY_READ, android.bluetooth.BluetoothGattCharacteristic.PROPERTY_BROADCAST, android.bluetooth.BluetoothGattCharacteristic.PROPERTY_WRITE, android.bluetooth.BluetoothGattCharacteristic.PROPERTY_WRITE_NO_RESPONSE, android.bluetooth.BluetoothGattCharacteristic.PROPERTY_SIGNED_WRITE, android.bluetooth.BluetoothGattCharacteristic.PROPERTY_INDICATE, android.bluetooth.BluetoothGattCharacteristic.PROPERTY_NOTIFY}" />
    </annotation>
  </item>
  <item name="com.polidea.rxandroidble.internal.util.CharacteristicPropertiesParser propertyIndicate">
    <annotation name="android.support.annotation.IntDef">
      <val name="flag" val="true" />
      <val name="value" val="{android.bluetooth.BluetoothGattCharacteristic.PROPERTY_READ, android.bluetooth.BluetoothGattCharacteristic.PROPERTY_BROADCAST, android.bluetooth.BluetoothGattCharacteristic.PROPERTY_WRITE, android.bluetooth.BluetoothGattCharacteristic.PROPERTY_WRITE_NO_RESPONSE, android.bluetooth.BluetoothGattCharacteristic.PROPERTY_SIGNED_WRITE, android.bluetooth.BluetoothGattCharacteristic.PROPERTY_INDICATE, android.bluetooth.BluetoothGattCharacteristic.PROPERTY_NOTIFY}" />
    </annotation>
  </item>
  <item name="com.polidea.rxandroidble.internal.util.CharacteristicPropertiesParser propertyNotify">
    <annotation name="android.support.annotation.IntDef">
      <val name="flag" val="true" />
      <val name="value" val="{android.bluetooth.BluetoothGattCharacteristic.PROPERTY_READ, android.bluetooth.BluetoothGattCharacteristic.PROPERTY_BROADCAST, android.bluetooth.BluetoothGattCharacteristic.PROPERTY_WRITE, android.bluetooth.BluetoothGattCharacteristic.PROPERTY_WRITE_NO_RESPONSE, android.bluetooth.BluetoothGattCharacteristic.PROPERTY_SIGNED_WRITE, android.bluetooth.BluetoothGattCharacteristic.PROPERTY_INDICATE, android.bluetooth.BluetoothGattCharacteristic.PROPERTY_NOTIFY}" />
    </annotation>
  </item>
  <item name="com.polidea.rxandroidble.internal.util.CharacteristicPropertiesParser propertyRead">
    <annotation name="android.support.annotation.IntDef">
      <val name="flag" val="true" />
      <val name="value" val="{android.bluetooth.BluetoothGattCharacteristic.PROPERTY_READ, android.bluetooth.BluetoothGattCharacteristic.PROPERTY_BROADCAST, android.bluetooth.BluetoothGattCharacteristic.PROPERTY_WRITE, android.bluetooth.BluetoothGattCharacteristic.PROPERTY_WRITE_NO_RESPONSE, android.bluetooth.BluetoothGattCharacteristic.PROPERTY_SIGNED_WRITE, android.bluetooth.BluetoothGattCharacteristic.PROPERTY_INDICATE, android.bluetooth.BluetoothGattCharacteristic.PROPERTY_NOTIFY}" />
    </annotation>
  </item>
  <item name="com.polidea.rxandroidble.internal.util.CharacteristicPropertiesParser propertySignedWrite">
    <annotation name="android.support.annotation.IntDef">
      <val name="flag" val="true" />
      <val name="value" val="{android.bluetooth.BluetoothGattCharacteristic.PROPERTY_READ, android.bluetooth.BluetoothGattCharacteristic.PROPERTY_BROADCAST, android.bluetooth.BluetoothGattCharacteristic.PROPERTY_WRITE, android.bluetooth.BluetoothGattCharacteristic.PROPERTY_WRITE_NO_RESPONSE, android.bluetooth.BluetoothGattCharacteristic.PROPERTY_SIGNED_WRITE, android.bluetooth.BluetoothGattCharacteristic.PROPERTY_INDICATE, android.bluetooth.BluetoothGattCharacteristic.PROPERTY_NOTIFY}" />
    </annotation>
  </item>
  <item name="com.polidea.rxandroidble.internal.util.CharacteristicPropertiesParser propertyWrite">
    <annotation name="android.support.annotation.IntDef">
      <val name="flag" val="true" />
      <val name="value" val="{android.bluetooth.BluetoothGattCharacteristic.PROPERTY_READ, android.bluetooth.BluetoothGattCharacteristic.PROPERTY_BROADCAST, android.bluetooth.BluetoothGattCharacteristic.PROPERTY_WRITE, android.bluetooth.BluetoothGattCharacteristic.PROPERTY_WRITE_NO_RESPONSE, android.bluetooth.BluetoothGattCharacteristic.PROPERTY_SIGNED_WRITE, android.bluetooth.BluetoothGattCharacteristic.PROPERTY_INDICATE, android.bluetooth.BluetoothGattCharacteristic.PROPERTY_NOTIFY}" />
    </annotation>
  </item>
  <item name="com.polidea.rxandroidble.internal.util.CharacteristicPropertiesParser propertyWriteNoResponse">
    <annotation name="android.support.annotation.IntDef">
      <val name="flag" val="true" />
      <val name="value" val="{android.bluetooth.BluetoothGattCharacteristic.PROPERTY_READ, android.bluetooth.BluetoothGattCharacteristic.PROPERTY_BROADCAST, android.bluetooth.BluetoothGattCharacteristic.PROPERTY_WRITE, android.bluetooth.BluetoothGattCharacteristic.PROPERTY_WRITE_NO_RESPONSE, android.bluetooth.BluetoothGattCharacteristic.PROPERTY_SIGNED_WRITE, android.bluetooth.BluetoothGattCharacteristic.PROPERTY_INDICATE, android.bluetooth.BluetoothGattCharacteristic.PROPERTY_NOTIFY}" />
    </annotation>
  </item>
</root>

