<?xml version="1.0" encoding="UTF-8"?>
<root>
  <item name="com.polidea.rxandroidble.scan.ScanSettings int getCallbackType()">
    <annotation name="android.support.annotation.IntDef">
      <val name="value" val="{com.polidea.rxandroidble.scan.ScanSettings.CALLBACK_TYPE_ALL_MATCHES, com.polidea.rxandroidble.scan.ScanSettings.CALLBACK_TYPE_FIRST_MATCH, com.polidea.rxandroidble.scan.ScanSettings.CALLBACK_TYPE_MATCH_LOST}" />
      <val name="flag" val="true" />
    </annotation>
  </item>
  <item name="com.polidea.rxandroidble.scan.ScanSettings int getMatchMode()">
    <annotation name="android.support.annotation.IntDef">
      <val name="value" val="{com.polidea.rxandroidble.scan.ScanSettings.MATCH_MODE_AGGRESSIVE, com.polidea.rxandroidble.scan.ScanSettings.MATCH_MODE_STICKY}" />
    </annotation>
  </item>
  <item name="com.polidea.rxandroidble.scan.ScanSettings int getNumOfMatches()">
    <annotation name="android.support.annotation.IntDef">
      <val name="value" val="{com.polidea.rxandroidble.scan.ScanSettings.MATCH_NUM_ONE_ADVERTISEMENT, com.polidea.rxandroidble.scan.ScanSettings.MATCH_NUM_FEW_ADVERTISEMENT, com.polidea.rxandroidble.scan.ScanSettings.MATCH_NUM_MAX_ADVERTISEMENT}" />
    </annotation>
  </item>
  <item name="com.polidea.rxandroidble.scan.ScanSettings int getScanMode()">
    <annotation name="android.support.annotation.IntDef">
      <val name="value" val="{com.polidea.rxandroidble.scan.ScanSettings.SCAN_MODE_OPPORTUNISTIC, com.polidea.rxandroidble.scan.ScanSettings.SCAN_MODE_LOW_POWER, com.polidea.rxandroidble.scan.ScanSettings.SCAN_MODE_BALANCED, com.polidea.rxandroidble.scan.ScanSettings.SCAN_MODE_LOW_LATENCY}" />
    </annotation>
  </item>
  <item name="com.polidea.rxandroidble.scan.ScanSettings mCallbackType">
    <annotation name="android.support.annotation.IntDef">
      <val name="value" val="{com.polidea.rxandroidble.scan.ScanSettings.CALLBACK_TYPE_ALL_MATCHES, com.polidea.rxandroidble.scan.ScanSettings.CALLBACK_TYPE_FIRST_MATCH, com.polidea.rxandroidble.scan.ScanSettings.CALLBACK_TYPE_MATCH_LOST}" />
      <val name="flag" val="true" />
    </annotation>
  </item>
  <item name="com.polidea.rxandroidble.scan.ScanSettings mMatchMode">
    <annotation name="android.support.annotation.IntDef">
      <val name="value" val="{com.polidea.rxandroidble.scan.ScanSettings.MATCH_MODE_AGGRESSIVE, com.polidea.rxandroidble.scan.ScanSettings.MATCH_MODE_STICKY}" />
    </annotation>
  </item>
  <item name="com.polidea.rxandroidble.scan.ScanSettings mNumOfMatchesPerFilter">
    <annotation name="android.support.annotation.IntDef">
      <val name="value" val="{com.polidea.rxandroidble.scan.ScanSettings.MATCH_NUM_ONE_ADVERTISEMENT, com.polidea.rxandroidble.scan.ScanSettings.MATCH_NUM_FEW_ADVERTISEMENT, com.polidea.rxandroidble.scan.ScanSettings.MATCH_NUM_MAX_ADVERTISEMENT}" />
    </annotation>
  </item>
  <item name="com.polidea.rxandroidble.scan.ScanSettings mScanMode">
    <annotation name="android.support.annotation.IntDef">
      <val name="value" val="{com.polidea.rxandroidble.scan.ScanSettings.SCAN_MODE_OPPORTUNISTIC, com.polidea.rxandroidble.scan.ScanSettings.SCAN_MODE_LOW_POWER, com.polidea.rxandroidble.scan.ScanSettings.SCAN_MODE_BALANCED, com.polidea.rxandroidble.scan.ScanSettings.SCAN_MODE_LOW_LATENCY}" />
    </annotation>
  </item>
  <item name="com.polidea.rxandroidble.scan.ScanSettings.Builder com.polidea.rxandroidble.scan.ScanSettings.Builder setCallbackType(int) 0">
    <annotation name="android.support.annotation.IntDef">
      <val name="value" val="{com.polidea.rxandroidble.scan.ScanSettings.CALLBACK_TYPE_ALL_MATCHES, com.polidea.rxandroidble.scan.ScanSettings.CALLBACK_TYPE_FIRST_MATCH, com.polidea.rxandroidble.scan.ScanSettings.CALLBACK_TYPE_MATCH_LOST}" />
      <val name="flag" val="true" />
    </annotation>
  </item>
  <item name="com.polidea.rxandroidble.scan.ScanSettings.Builder com.polidea.rxandroidble.scan.ScanSettings.Builder setScanMode(int) 0">
    <annotation name="android.support.annotation.IntDef">
      <val name="value" val="{com.polidea.rxandroidble.scan.ScanSettings.SCAN_MODE_OPPORTUNISTIC, com.polidea.rxandroidble.scan.ScanSettings.SCAN_MODE_LOW_POWER, com.polidea.rxandroidble.scan.ScanSettings.SCAN_MODE_BALANCED, com.polidea.rxandroidble.scan.ScanSettings.SCAN_MODE_LOW_LATENCY}" />
    </annotation>
  </item>
  <item name="com.polidea.rxandroidble.scan.ScanSettings.CallbackType">
    <annotation name="android.support.annotation.IntDef">
      <val name="value" val="{com.polidea.rxandroidble.scan.ScanSettings.CALLBACK_TYPE_ALL_MATCHES, com.polidea.rxandroidble.scan.ScanSettings.CALLBACK_TYPE_FIRST_MATCH, com.polidea.rxandroidble.scan.ScanSettings.CALLBACK_TYPE_MATCH_LOST}" />
      <val name="flag" val="true" />
    </annotation>
  </item>
  <item name="com.polidea.rxandroidble.scan.ScanSettings.MatchMode">
    <annotation name="android.support.annotation.IntDef">
      <val name="value" val="{com.polidea.rxandroidble.scan.ScanSettings.MATCH_MODE_AGGRESSIVE, com.polidea.rxandroidble.scan.ScanSettings.MATCH_MODE_STICKY}" />
    </annotation>
  </item>
  <item name="com.polidea.rxandroidble.scan.ScanSettings.MatchNum">
    <annotation name="android.support.annotation.IntDef">
      <val name="value" val="{com.polidea.rxandroidble.scan.ScanSettings.MATCH_NUM_ONE_ADVERTISEMENT, com.polidea.rxandroidble.scan.ScanSettings.MATCH_NUM_FEW_ADVERTISEMENT, com.polidea.rxandroidble.scan.ScanSettings.MATCH_NUM_MAX_ADVERTISEMENT}" />
    </annotation>
  </item>
  <item name="com.polidea.rxandroidble.scan.ScanSettings.ScanMode">
    <annotation name="android.support.annotation.IntDef">
      <val name="value" val="{com.polidea.rxandroidble.scan.ScanSettings.SCAN_MODE_OPPORTUNISTIC, com.polidea.rxandroidble.scan.ScanSettings.SCAN_MODE_LOW_POWER, com.polidea.rxandroidble.scan.ScanSettings.SCAN_MODE_BALANCED, com.polidea.rxandroidble.scan.ScanSettings.SCAN_MODE_LOW_LATENCY}" />
    </annotation>
  </item>
</root>

